

CREATE TABLE acteurs (
  id integer NOT NULL,
  nom varchar(35) default NULL,
  PRIMARY KEY  (id)
) ;
CREATE TABLE realisateurs (
  id integer NOT NULL,
  nom varchar(35) default NULL,
  PRIMARY KEY  (id)
) ;
CREATE TABLE films (
  id integer NOT NULL,
  titre varchar(70) default NULL,
  annee decimal(4,0) default NULL,
  score float default NULL,
  nbvotant integer default NULL,
  idrealisateur integer default NULL REFERENCES realisateurs(id),
  PRIMARY KEY  (id)
) ;
CREATE TABLE distributions (
  idfilm integer NOT NULL REFERENCES films(id),
  idacteur integer NOT NULL REFERENCES acteurs(id),
  rang integer default NULL,
  PRIMARY KEY  (idfilm,idacteur)
) ;
INSERT INTO acteurs (id, nom) VALUES
(1, 'Woody Allen'),
(2, 'Clint Eastwood'),
(3, 'Robert De Niro'),
(6, 'Harrison Ford'),
(8, 'Tom Hanks'),
(12, 'Al Pacino'),
(13, 'Bruce Willis'),
(16, 'Gene Hackman'),
(24, 'Danny DeVito'),
(25, 'Tim Robbins'),
(27, 'Dustin Hoffman'),
(28, 'Francis Ford Coppola'),
(32, 'John Cusack'),
(34, 'John Travolta'),
(36, 'Robert Redford'),
(39, 'Anthony Hopkins'),
(41, 'Denzel Washington'),
(42, 'Paul Newman'),
(43, 'Jack Nicholson'),
(44, 'Robert Duvall'),
(50, 'Matthew Broderick'),
(54, 'Sigourney Weaver'),
(59, 'Terry Gilliam'),
(63, 'Meryl Streep'),
(73, 'Harvey Keitel'),
(75, 'Cary Grant'),
(76, 'Kevin Spacey'),
(85, 'Marlon Brando'),
(89, 'Samuel L. Jackson'),
(90, 'Roman Polanski'),
(91, 'Morgan Freeman'),
(94, 'Diane Keaton'),
(99, 'Christopher Walken'),
(100, 'Liam Neeson'),
(106, 'Jack Lemmon'),
(115, 'Peter Sellers'),
(118, 'James Stewart'),
(123, 'Frank Oz'),
(125, 'Dennis Hopper'),
(127, 'Jack Warden'),
(130, 'Bill Paxton'),
(145, 'Charles Chaplin'),
(152, 'Joan Cusack'),
(158, 'Billy Crystal'),
(160, 'Max von Sydow'),
(164, 'Gregory Peck'),
(165, 'Charlton Heston'),
(167, 'Donald Pleasence'),
(170, 'John Wayne'),
(177, 'Ralph Fiennes'),
(181, 'Matt Damon'),
(182, 'Faye Dunaway'),
(183, 'William Holden'),
(186, 'Steve Buscemi'),
(195, 'John Cleese'),
(211, 'Gwyneth Paltrow'),
(213, 'Humphrey Bogart'),
(215, 'Jodie Foster'),
(217, 'J.T. Walsh'),
(222, 'Cary Elwes'),
(225, 'Anne Bancroft'),
(226, 'William H. Macy'),
(235, 'Richard Attenborough'),
(239, 'Ian Holm'),
(243, 'Uma Thurman'),
(244, 'Michael Madsen'),
(246, 'Dan Hedaya'),
(247, 'Albert Brooks'),
(249, 'Annette Bening'),
(250, 'James Caan'),
(252, 'Lance Henriksen'),
(253, 'Orson Welles'),
(258, 'Brad Pitt'),
(259, 'Joe Pesci'),
(279, 'Steve McQueen'),
(282, 'Cameron Diaz'),
(295, 'Harry Dean Stanton'),
(298, 'Billy Bob Thornton'),
(301, 'Peter Boyle'),
(302, 'Benicio Del Toro'),
(304, 'Malcolm McDowell'),
(306, 'Martin Sheen'),
(307, 'Bonnie Hunt'),
(308, 'Gabriel Byrne'),
(312, 'John Huston'),
(318, 'Tom Sizemore'),
(324, 'Russell Crowe'),
(329, 'Ben Kingsley'),
(331, 'Laurence Fishburne'),
(333, 'Minnie Driver'),
(336, 'J&#252;rgen Prochnow'),
(340, 'Shirley MacLaine'),
(342, 'Claire Danes'),
(345, 'Henry Fonda'),
(348, 'Giovanni Ribisi'),
(352, 'Christopher Guest'),
(354, 'Charles Durning'),
(355, 'Ving Rhames'),
(356, 'Tom Skerritt'),
(357, 'Bruno Kirby'),
(360, 'George Lucas'),
(368, 'Rosanna Arquette'),
(370, 'Laurence Olivier'),
(373, 'Lloyd Bridges'),
(393, 'Yun-Fat Chow'),
(404, 'Kirk Douglas'),
(417, 'David Morse'),
(427, 'Edward Norton'),
(429, 'Katharine Hepburn'),
(431, 'James Cromwell'),
(436, 'Carol Kane'),
(437, 'M. Emmet Walsh'),
(438, 'John Hurt'),
(439, 'Jeffrey Jones'),
(441, 'Chazz Palminteri'),
(442, 'Joaquin Phoenix'),
(443, 'Philip Seymour Hoffman'),
(444, 'Quentin Tarantino'),
(449, 'Vincent D''Onofrio'),
(453, 'Martin Balsam'),
(460, 'Giancarlo Esposito'),
(462, 'Carrie Fisher'),
(463, 'Sissy Spacek'),
(472, 'James Coburn'),
(474, 'Natalie Wood'),
(476, 'George Kennedy'),
(479, 'George C. Scott'),
(481, 'Oliver Reed'),
(482, 'R. Lee Ermey'),
(485, 'Edward Burns (I)'),
(489, 'Don Taylor (I)'),
(493, 'Michael Biehn'),
(494, 'Cloris Leachman'),
(495, 'Frances McDormand'),
(496, 'Catherine Deneuve'),
(502, 'Talia Shire'),
(503, 'John Malkovich'),
(507, 'Bob Gunton'),
(509, 'Simon Callow'),
(512, 'Matthew Modine'),
(515, 'Brion James'),
(518, 'Martin Landau'),
(519, 'Christopher Plummer'),
(520, 'Stephen Tobolowsky'),
(527, 'Denholm Elliott'),
(528, 'Kevin Pollak'),
(534, 'Lauren Bacall'),
(536, 'Robin Wright'),
(539, 'Elizabeth Taylor'),
(541, 'Lindsay Crouse'),
(546, 'James Earl Jones'),
(549, 'Gina Gershon'),
(550, 'Ben Gazzara'),
(552, 'Mark Hamill'),
(554, 'Hume Cronyn'),
(555, 'Teri Garr'),
(558, 'Shelley Duvall'),
(560, 'Philip Baker Hall'),
(578, 'Toni Collette'),
(587, 'Mike Starr (I)'),
(591, 'Daryl Hannah'),
(594, 'Beverly D''Angelo'),
(625, 'Peter Sallis'),
(626, 'Gene Kelly'),
(629, 'George Dzundza'),
(634, 'Graham Chapman'),
(643, 'Veronica Cartwright'),
(680, 'Chris Sarandon'),
(682, 'Melinda Dillon'),
(684, 'Tim Allen'),
(687, 'John Ritter'),
(688, 'Takashi Shimura'),
(693, 'John Milius'),
(694, 'Terry Jones'),
(698, 'Keith David (I)'),
(702, 'Eric Stoltz'),
(710, 'Chris Penn'),
(711, 'Murray Hamilton'),
(713, 'Brian Cox'),
(716, 'Helena Bonham Carter'),
(719, 'Warren Oates'),
(722, 'Ernest Borgnine'),
(725, 'Eileen Brennan'),
(728, 'Chris Cooper (I)'),
(731, 'William Daniels (I)'),
(735, 'Toshir&#244; Mifune'),
(736, 'Embeth Davidtz'),
(743, 'Rip Torn'),
(745, 'Udo Kier'),
(747, 'Scott Glenn'),
(749, 'Eric Idle'),
(751, 'Rod Steiger'),
(752, 'Dennis Farina'),
(757, 'Ray Walston'),
(762, 'Debi Mazar'),
(763, 'Louise Fletcher'),
(770, 'Fairuza Balk'),
(775, 'Rade Serbedzija'),
(776, 'Ray Liotta'),
(780, 'Joseph Cotten'),
(791, 'Tim Roth'),
(792, 'Jean-Marc Barr'),
(799, 'Michael Palin'),
(802, 'James Mason'),
(805, 'Richard Burton'),
(811, 'Ir&#232;ne Jacob'),
(815, 'Luis Bu&#241;uel'),
(820, 'Roberto Benigni'),
(827, 'Ingrid Bergman'),
(828, 'Bette Davis'),
(831, 'Edward Furlong'),
(833, 'Colleen Camp'),
(837, 'John Carradine'),
(839, 'Bernard Lee (I)'),
(845, 'Robert Stack'),
(849, 'Amanda Plummer'),
(862, 'Pete Postlethwaite'),
(881, 'Peter Gallagher'),
(887, 'Ed O''Ross'),
(891, 'Tom Hulce'),
(892, 'Teresa Wright'),
(893, 'James Garner'),
(899, 'Gunnar Bj&#246;rnstrand'),
(900, 'Strother Martin'),
(907, 'Joe Grifasi'),
(915, 'Marilyn Monroe'),
(925, 'Alec Guinness'),
(930, 'John Savage'),
(933, 'Karen Allen'),
(937, 'John Cazale'),
(938, 'Kim Hunter'),
(941, 'Robert Mitchum'),
(943, 'Anthony Quinn'),
(946, 'Gillian Anderson'),
(947, 'Elliott Gould'),
(963, 'Allen Garfield'),
(964, 'F. Murray Abraham'),
(969, 'Thora Birch'),
(981, 'Groucho Marx'),
(984, 'William Sadler'),
(986, 'Caroline Goodall'),
(1005, 'Edward James Olmos'),
(1024, 'Pen&#233;lope Cruz'),
(1031, 'Grace Kelly'),
(1038, 'Paul Sorvino'),
(1045, 'Fred MacMurray'),
(1056, 'George Sanders'),
(1077, 'Thomas Mitchell (I)'),
(1100, 'Rutger Hauer'),
(1108, 'Clark Gable'),
(1128, 'Claude Rains'),
(1145, 'Sean Young'),
(1148, 'Bibi Andersson'),
(1162, 'Don Rickles'),
(1165, 'Kelsey Grammer'),
(1176, 'Diane Venora'),
(1181, 'Annie Potts'),
(1183, 'Charles Laughton'),
(1184, 'Robert Shaw'),
(1187, 'Patricia Clarkson'),
(1195, 'Ted Danson'),
(1198, 'Frederic Forrest'),
(1202, 'Clancy Brown'),
(1207, 'Anna Paquin'),
(1215, 'Jason Lee (I)'),
(1217, 'Everett McGill'),
(1221, 'Peter Falk'),
(1222, 'Wallace Shawn'),
(1230, 'E.G. Marshall'),
(1231, 'Ralph Bellamy'),
(1232, 'Kasi Lemmons'),
(1233, 'Cliff De Young'),
(1234, 'Michael Gambon'),
(1239, 'James Hampton'),
(1242, 'Jeffrey DeMunn'),
(1243, 'Stephen Baldwin'),
(1248, 'Connie Nielsen'),
(1249, 'Tony Burton'),
(1250, 'Vin Diesel'),
(1252, 'Piper Laurie'),
(1255, 'Graham Greene (II)'),
(1257, 'George Segal'),
(1266, 'Yaphet Kotto'),
(1276, 'Ward Bond'),
(1286, 'Andre Braugher'),
(1290, 'Henry Jones (I)'),
(1305, 'Tony Roberts (I)'),
(1308, 'Michael Jeter'),
(1310, 'Bruce McGill'),
(1313, 'Peter Stormare'),
(1314, 'Patrick McGoohan'),
(1322, 'Leo G. Carroll'),
(1323, 'Cathy Moriarty'),
(1329, 'Paul Bartel'),
(1333, 'Kenneth Mars'),
(1336, 'Porter Hall'),
(1342, 'James Cosmo'),
(1344, 'Joanna Cassidy'),
(1346, 'Jack MacGowran'),
(1351, 'Lee Van Cleef'),
(1353, 'Jason Robards'),
(1370, 'Ed Binns'),
(1376, 'Billy Crudup'),
(1377, 'Wallace Ford'),
(1390, 'Claudia Cardinale'),
(1396, 'Tony Darrow'),
(1402, 'Mary Kay Place'),
(1406, 'Otto Preminger'),
(1414, 'Olivia Williams'),
(1419, 'Katharine Ross'),
(1420, 'Elizabeth Wilson (I)'),
(1427, 'Keir Dullea'),
(1430, 'Marco Leonardi'),
(1437, 'Trevor Howard'),
(1438, 'Rosalind Russell'),
(1442, 'Karl Malden'),
(1443, 'Julie Walters'),
(1449, 'Jack Hawkins'),
(1450, 'James Hong'),
(1453, 'Sterling Hayden'),
(1458, 'Roy Dotrice'),
(1461, 'Danny Kaye'),
(1464, 'Myrna Loy'),
(1467, 'Charles Bronson'),
(1471, 'Sofia Coppola'),
(1472, 'Michelle Yeoh'),
(1476, 'Sihung Lung'),
(1488, 'Maureen O''Hara'),
(1491, 'Ruth Warrick'),
(1496, 'John Williams (II)'),
(1509, 'Jean Arthur'),
(1524, 'Vivien Leigh'),
(1526, 'Warren Clarke'),
(1527, 'Farley Granger'),
(1536, 'Walter Brennan'),
(1543, 'William Powell'),
(1544, 'Akira Terao'),
(1545, 'Lee J. Cobb'),
(1546, 'Angela Lansbury'),
(1552, 'Richard Farnsworth'),
(1553, 'Glynis Johns'),
(1554, 'Kenneth Tsang'),
(1557, 'Peter Graves (I)'),
(1565, 'Allison Janney'),
(1570, 'Frankie Faison'),
(1574, 'Derek Jacobi'),
(1576, 'Anthony Heald'),
(1579, 'Ronald Lacey'),
(1582, 'G.D. Spradlin'),
(1586, 'Jeff Corey'),
(1591, 'Sam Rockwell'),
(1615, 'Lorraine Bracco'),
(1619, 'Lena Olin'),
(1623, 'Albert Hall (I)'),
(1640, 'Paul Giamatti'),
(1651, 'Judith Anderson'),
(1653, 'Barry Pepper'),
(1655, 'Anthony Daniels'),
(1660, 'James Whitmore'),
(1669, 'Elsa Lanchester'),
(1678, 'John Rhys-Davies'),
(1679, 'Edward G. Robinson'),
(1698, 'Tatsuya Nakadai'),
(1704, 'Darren McGavin'),
(1709, 'Cybill Shepherd'),
(1715, 'Michael Clarke Duncan'),
(1717, 'Janet Leigh'),
(1720, 'Michael Bates (I)'),
(1725, 'Stacy Keach'),
(1726, 'Ben Johnson (I)'),
(1727, 'Billy Dee Williams'),
(1736, 'Christine Ebersole'),
(1742, 'Harry Morgan'),
(1743, 'Pupella Maggio'),
(1748, 'Wayne Knight'),
(1750, 'Slim Pickens'),
(1762, 'Colm Feore'),
(1766, 'Lew Ayres'),
(1772, 'Anatoli Solonitsyn'),
(1774, 'Keenan Wynn'),
(1781, 'Joel Grey'),
(1784, 'Victor Argo'),
(1789, 'Mildred Natwick'),
(1792, 'Jack Kehoe'),
(1797, 'Stefan Gierasch'),
(1801, 'Jenette Goldstein'),
(1802, 'Zach Grenier'),
(1803, 'Zeljko Ivanek'),
(1808, 'Mark Rolston'),
(1813, 'Richard Harris'),
(1814, 'David Proval'),
(1817, 'Frank Vincent (I)'),
(1824, 'William Windom'),
(1827, 'Laurie Metcalf'),
(1831, 'Adam Baldwin'),
(1835, 'Patrick Magee (I)'),
(1845, 'Robert Webber (I)'),
(1847, 'John Hillerman'),
(1860, 'Billy Gilbert (I)'),
(1864, 'Mel Smith'),
(1868, 'Suzy Amis'),
(1881, 'Abe Vigoda'),
(1895, 'Ted Levine'),
(1901, 'Leslie Carlson'),
(1906, 'Cecil B. DeMille'),
(1909, 'Barry Dennen'),
(1913, 'Adam Goldberg'),
(1933, 'Paul Reiser'),
(1939, 'Sean McGinley'),
(1946, 'Minoru Chiaki'),
(1951, 'Jeremy Davies'),
(1953, 'Ethan Suplee'),
(1961, 'Nicoletta Braschi'),
(1966, 'Djimon Hounsou'),
(1976, 'Erland Josephson'),
(1977, 'Jean-Pierre L&#233;aud'),
(1985, 'Jessie Royce Landis'),
(1989, 'Robert J. Wilke'),
(1996, 'Miki Manojlovic'),
(2000, 'Barry Fitzgerald'),
(2003, 'Anne Baxter'),
(2009, 'Errol Flynn'),
(2012, 'Henry Travers'),
(2030, 'Fernanda Montenegro'),
(2034, 'Henry Bergman'),
(2049, 'Arletty'),
(2070, 'Kamatari Fujiwara'),
(2076, 'Erich von Stroheim'),
(2078, 'Hermione Baddeley'),
(2081, 'Eli Wallach'),
(2083, 'Antonella Attili'),
(2085, 'Bajram Severdzan'),
(2100, 'Gene Lockhart'),
(2104, 'Gaspard Manesse'),
(2113, 'Alastair Sim'),
(2123, 'Lee Remick'),
(2141, 'Gladys Cooper'),
(2143, '&#201;lodie Bouchez'),
(2147, 'Gary Cooper'),
(2159, 'Gr&#233;goire Colin'),
(2171, 'Frank Overton'),
(2173, 'Harpo Marx'),
(2177, 'Kristina Adolphson'),
(2192, 'Basil Rathbone'),
(2198, 'Fred Clark (I)'),
(2202, 'Gabriele Ferzetti'),
(2210, 'Gustav Botz'),
(2225, 'Haley Joel Osment'),
(2227, 'Fredric March'),
(2229, 'Alexandra Dahlstr&#246;m'),
(2238, 'Carole Lombard'),
(2246, 'Cecilia Roth'),
(2268, 'Jean Gabin'),
(2313, 'Claire Trevor'),
(2319, 'Cindy Williams (I)'),
(2321, 'Joan Fontaine'),
(2329, 'Chico Marx'),
(2333, 'Jennifer Lien'),
(2381, 'Bj&#246;rk'),
(2393, 'Jack Carson (I)'),
(2396, 'Jack Kruschen'),
(2412, 'Judy Garland'),
(2416, 'Dorian Harewood'),
(2446, 'James Robinson (II)'),
(2465, 'James Donald (I)'),
(2475, 'Debbie Reynolds'),
(2484, 'Boris Karloff'),
(2486, 'Olivia de Havilland'),
(2495, 'Sam Bottoms'),
(2505, 'Vincent Gardenia'),
(2534, 'Nikolai Grinko'),
(2538, 'Victor Sj&#246;str&#246;m'),
(2553, 'Robert Strauss (I)'),
(2576, 'Paul Freeman (I)'),
(2604, 'Marion Mack'),
(2624, 'Michael Hordern'),
(2635, 'Vera Miles'),
(2648, 'Michael Constantine'),
(2649, 'Tom Helmore'),
(2650, 'Tsutomu Tatsumi'),
(2662, 'Tony Curtis'),
(2672, 'Mieko Harada'),
(2723, 'Maureen O''Sullivan'),
(2724, 'Montgomery Clift'),
(2728, 'Tyrone Power'),
(2748, 'Robert Morley (I)'),
(2773, 'Magali No&#235;l'),
(2792, 'Peter Lorre'),
(2800, 'Y&#244;ji Matsuda'),
(2812, 'Luigi Pistilli'),
(2821, 'Pierre Batcheff'),
(2832, 'Raymond Massey (I)'),
(2834, 'Shelley Winters'),
(2872, 'Walter Gotell'),
(2881, 'Kenny Baker (I)'),
(2882, 'Jason Flemyng'),
(2883, 'Ian Wolfe'),
(2891, 'Richard Bright'),
(2894, 'Scatman Crothers'),
(2900, 'Amy Wright'),
(2905, 'Brock Peters'),
(2911, 'Jay O. Sanders'),
(2915, 'Philip Stone (I)'),
(2920, 'Buck Henry'),
(2935, 'Ewen Bremner'),
(2936, 'Bo Hopkins'),
(2937, 'Alfred Molina'),
(2939, 'Leonard Rossiter'),
(2941, 'Catherine Keener'),
(2942, 'John Finn'),
(2945, 'Diane Ladd'),
(2950, 'Sheb Wooley'),
(2953, 'Mena Suvari'),
(2957, 'John Fiedler (I)'),
(2973, 'Leopoldo Trieste'),
(2981, 'David Andrews (I)'),
(2986, 'Clifton James'),
(2991, 'Siobhan Fallon'),
(2998, 'Philippe Morier-Genoud'),
(2999, 'Evelyn Keyes'),
(3003, 'Meat Loaf'),
(3004, 'Janet Margolin'),
(3005, 'Arthur O''Connell'),
(3006, 'John Ratzenberger'),
(3017, 'Harve Presnell'),
(3018, 'Peter Greene (I)'),
(3020, 'Harold Gould'),
(3031, 'L.Q. Jones'),
(3039, 'Henry Daniell'),
(3046, 'Gary Lewis (III)'),
(3059, 'Dylan Bruno'),
(3065, 'Alan North'),
(3070, 'Spencer Treat Clark'),
(3074, 'Lucas Black (II)'),
(3101, 'Patric Knowles'),
(3107, 'Hugh Marlowe'),
(3110, 'Hugh Griffith (I)'),
(3111, 'Paul Henreid'),
(3119, 'Jim Varney'),
(3120, 'Hoagy Carmichael'),
(3123, 'Ralph Carlsson'),
(3124, 'Charley Grapewin'),
(3126, 'Ralph Meeker'),
(3127, 'Howard St. John'),
(3132, 'Richard Basehart'),
(3137, 'Paulette Goddard'),
(3138, 'Stephen Young (I)'),
(3141, 'Sig Ruman'),
(3149, 'Scott Bakula'),
(3153, 'Fernando Fern&#225;n G&#243;mez'),
(3157, 'Stanislas Carr&#233; de Malberg'),
(3161, 'James Gleason (I)'),
(3165, 'Theodore Bikel'),
(3173, 'Perry Lopez'),
(3175, 'Finlay Currie'),
(3178, 'Peter Mayhew (II)'),
(3181, 'Nigel Bruce'),
(3190, 'Raymond Burr'),
(3198, 'Srdjan Todorovic'),
(3213, 'Hattie McDaniel'),
(3215, 'Carol Cleveland'),
(3228, 'Jean Hagen'),
(3233, 'Moroni Olsen'),
(3234, 'Peter Cushing'),
(3237, 'Randy Brooks (I)'),
(3243, 'Dana Elcar'),
(3244, 'Peter Bull (I)'),
(3247, 'Marlene Dietrich'),
(3253, 'David Schofield'),
(3260, 'Josephine Hull'),
(3261, 'Anthony Higgins'),
(3268, 'Ruth White (II)'),
(3273, 'Sam Jaffe (I)'),
(3280, 'Andy Devine (I)'),
(3298, 'Arliss Howard'),
(3301, 'Barry Nelson (I)'),
(3307, 'Tracy Reed (I)'),
(3312, 'Michael Angarano'),
(3326, 'Donald O''Connor'),
(3330, 'Kate Hudson'),
(3344, 'Lee Strasberg'),
(3345, 'Louis Calhern'),
(3347, 'Rita Moreno'),
(3362, 'Maria de Medeiros'),
(3366, 'Margaret Dumont'),
(3368, 'Roscoe Karns'),
(3370, 'Dorothy Malone'),
(3372, 'Kirk Baltz'),
(3377, 'Dwight Yoakam'),
(3379, 'Joe Turkel'),
(3390, 'John Qualen'),
(3397, 'Rudy Bond'),
(3403, 'Lynne Thigpen'),
(3413, 'Michael Higgins (I)'),
(3417, 'Edie Adams'),
(3419, 'Peter Brocco'),
(3422, 'Reg E. Cathey'),
(3425, 'Sophie Marceau'),
(3428, 'Tommy Flanagan (I)'),
(3434, 'Eve Arden'),
(3438, 'Alida Valli'),
(3449, 'Paul Calderon'),
(3481, 'Dub Taylor'),
(3498, 'David Hemmings (I)'),
(3500, 'Robert Beatty (I)'),
(3501, 'Dimitra Arliss'),
(3507, 'Mandy Patinkin'),
(3511, 'Les Tremayne'),
(3514, 'Henry Victor'),
(3523, 'Jihmi Kennedy'),
(3527, 'Curt Bois'),
(3530, 'Estelle Harris'),
(3533, 'Horst Buchholz'),
(3552, 'George Raft'),
(3561, 'George Macready'),
(3564, 'Robert Ryan'),
(3575, 'Wilfrid Hyde-White'),
(3586, 'Lewis Martin (I)'),
(3592, 'Daisuke Kat&#244; (I)'),
(3619, 'Ray Collins (I)'),
(3637, 'Larry Brandenburg'),
(3646, 'Leib Lensky'),
(3655, 'Ernest Thesiger'),
(3664, 'Chester Conklin'),
(3677, 'Don Keefer'),
(3681, 'Macdonald Carey'),
(3697, 'Sam Robards'),
(3705, 'Orson Bean'),
(3707, 'David Prowse'),
(3729, 'Cara Seymour'),
(3733, 'Sean Sullivan (I)'),
(3737, 'Norman Fell'),
(3738, 'Victor Jory (I)'),
(3739, 'John Shrapnel'),
(3740, 'Elisha Cook Jr.'),
(3750, 'Mischa Barton'),
(3756, 'Jens Albinus'),
(3761, 'Thelma Ritter'),
(3767, 'John Ridgely'),
(3774, 'Minna Gombell'),
(3792, 'Edward Brophy'),
(3794, 'James Sloyan'),
(3796, 'Michael Berryman'),
(3797, 'Marisa Paredes'),
(3809, 'Fortunio Bonanova'),
(3821, 'Richard Davalos'),
(3827, 'John Clive'),
(3838, 'Brent Briscoe'),
(3844, 'Tim Holt'),
(3846, 'Vinnie Jones'),
(3857, 'Conrad Veidt'),
(3858, 'Scott Schwartz'),
(3861, 'Daniel Zacapa'),
(3865, 'Connie Booth'),
(3871, 'Coleen Gray'),
(3883, 'Sandy Dennis'),
(3898, 'Samuel Le Bihan'),
(3902, 'Collin Wilcox Paxton'),
(3907, 'Colleen Dewhurst'),
(3910, 'Danny Lloyd'),
(3914, 'Colin Clive'),
(3916, 'Sandy Nelson (II)'),
(3921, 'Danny Lee (I)'),
(3952, 'Dana Andrews'),
(3956, 'Seiji Miyaguchi'),
(3966, 'Ruth Hussey'),
(3970, 'Ruth Roman'),
(3971, 'Sergio Bini Bustric'),
(3985, 'Sessue Hayakawa'),
(3987, 'Daisuke Ryu'),
(3988, 'Rosemary Murphy'),
(3991, 'Sean Lawlor'),
(4000, 'Seizabur&#244; Kawazu'),
(4004, 'Daniel Richter (I)'),
(4022, 'Salvador Dal&#237;'),
(4023, 'Sally Yeh (I)'),
(4052, 'Vin&#237;cius de Oliveira'),
(4060, 'Anne Reid'),
(4073, 'Antonia San Juan'),
(4082, 'Victor McLaglen'),
(4093, 'Virginia Mayo'),
(4124, 'Barton MacLane'),
(4133, 'Barbara Stanwyck'),
(4141, 'Bengt Ekerot'),
(4154, 'Armando Brancia'),
(4159, 'Arnold Lucy'),
(4169, 'Andrew Kevin Walker'),
(4171, 'Ayano Shiraishi'),
(4174, 'Barbara Bel Geddes'),
(4178, 'Valerie Hobson'),
(4182, 'Avery Brooks'),
(4188, 'B&#246;rje Ahlstedt'),
(4190, 'Yoshiko Shinohara'),
(4195, 'Y&#251;ko Tanaka'),
(4196, 'Alan Hale'),
(4199, 'Akim Tamiroff'),
(4201, 'Akihiro Miwa'),
(4202, 'Akemi Yamaguchi'),
(4207, 'Albert R&#233;my'),
(4209, 'William Sylvester'),
(4218, 'Wolfgang Heinz'),
(4233, 'Zeppo Marx'),
(4236, 'Zhang Ziyi'),
(4241, 'Yoshio Inaba'),
(4242, 'Agnes Moorehead'),
(4248, 'Yuriko Ishida'),
(4253, 'Adolphe Menjou'),
(4258, 'Aldo Giuffr&#232;'),
(4259, 'Wayne Morris (I)'),
(4260, 'Wendell Corey'),
(4274, 'Walter Huston'),
(4278, 'Walter Catlett'),
(4283, 'Allan Jones'),
(4293, 'William Hope'),
(4304, 'William Redfield'),
(4309, 'Aldo Silvani (I)'),
(4323, 'Alexander Granach'),
(4324, 'Wes Bentley'),
(4335, 'Chen Chang'),
(4339, 'Charles Smith (V)'),
(4340, 'Charles Ruggles'),
(4344, 'Stephen Boyd'),
(4352, 'Charles Kay'),
(4362, 'Cathy O''Donnell (I)'),
(4389, 'Celeste Holm'),
(4392, 'Cecil Parker (I)'),
(4396, 'Soia Lira'),
(4399, 'Claire Maurier'),
(4401, 'Clarence Kolb'),
(4403, 'Slim Summerville'),
(4408, 'Ciccio Ingrassia'),
(4415, 'Cliff Edwards'),
(4417, 'Simone Mareuil'),
(4428, 'Stefan H&#246;rberg'),
(4450, 'Chu Kong'),
(4492, 'Branka Katic'),
(4503, 'Beulah Bondi'),
(4504, 'Tiny Sandford'),
(4510, 'Bert Lahr'),
(4526, 'Tom Murray (I)'),
(4535, 'Candela Pe&#241;a'),
(4552, 'Carrie Henn'),
(4594, 'Bruce Bennett'),
(4601, 'Jinpachi Nezu'),
(4608, 'Jo Van Fleet'),
(4619, 'Jo Prestia'),
(4628, 'Joan Shawlee'),
(4636, 'Joanne Dru'),
(4657, 'Mathias Rust (I)'),
(4662, 'Jim Farley (I)'),
(4684, 'John Megna'),
(4705, 'John Terry (I)'),
(4716, 'John Ireland'),
(4736, 'Millard Mitchell'),
(4738, 'Mervyn Johns'),
(4741, 'Melville Cooper'),
(4743, 'John Howard (I)'),
(4749, 'John Gottowt'),
(4755, 'John Farley'),
(4761, 'Jamie Draven'),
(4762, 'Jamie Bell'),
(4788, 'Jane Darwell'),
(4790, 'Nicholas Colasanto (I)'),
(4805, 'Nikolai Sergeyev'),
(4815, 'Othon Bastos'),
(4817, 'Nils Poppe'),
(4822, 'Nobuo Kaneko'),
(4836, 'Myron McCormick'),
(4851, 'Jean-Pierre Lorit'),
(4865, 'Jeffrey Hunter'),
(4883, 'Natalie Canerday'),
(4884, 'Ned Bellamy'),
(4895, 'Nat Pendleton'),
(4898, 'Jean-Louis Trintignant'),
(4899, 'Jean-Louis Barrault'),
(4900, 'Nancy Olson'),
(4901, 'Nando Orfei'),
(4908, 'Natacha R&#233;gnier'),
(4909, 'Jean Heywood'),
(4910, 'Jean Heather'),
(4918, 'Kristin Rudr&#252;d'),
(4919, 'Kristian Almgren'),
(4923, 'Machiko Ky&#244;'),
(4924, 'Klaus Wennemann'),
(4927, 'Kitty Carlisle'),
(4946, 'Ky&#244;ko Seki'),
(4949, 'Kumeko Urabe'),
(4952, 'Mack Swain'),
(4957, 'Kevin P. Farley'),
(4966, 'Mar&#237;lia P&#234;ra'),
(4971, 'John Wray (I)'),
(4977, 'Madeleine LeBeau'),
(4981, 'Makoto Kobori'),
(4985, 'Madison Lanc'),
(4992, 'Kim Novak'),
(5002, 'Leopoldine Konstantin'),
(5003, 'Leslie Howard'),
(5006, 'Leonard Harris (II)'),
(5010, 'Leo Gullotta'),
(5011, 'Ljubica Adzovic'),
(5017, 'Lionel Atwill'),
(5019, 'Lillian Gish'),
(5034, 'Louis Wolheim'),
(5064, 'Lou Antonio'),
(5068, 'Lawrence T. Wrentz'),
(5070, 'Lawrence A. Bonney'),
(5085, 'Martha Vickers'),
(5126, 'Masayuki Mori (I)'),
(5132, 'Martin Semmelrogge'),
(5136, 'Joseph Calleia'),
(5138, 'Jonathan Sagall'),
(5139, 'Zooey Deschanel'),
(5160, 'Maria Casar&#232;s'),
(5163, 'Kathleen Harrison'),
(5173, 'Marcella Rovere'),
(5177, 'Katy Jurado'),
(5195, 'Jullan Kindahl'),
(5201, 'Julien Carette'),
(5214, 'Karl Etlinger'),
(5223, 'Kaoru Kobayashi'),
(5239, 'Francine Racette'),
(5242, 'Fr&#233;d&#233;rique Feder'),
(5254, 'Frank Morgan (I)'),
(5258, 'Florijan Ajdini'),
(5264, 'Francis De Wolff'),
(5272, 'Richmond Arquette'),
(5273, 'Evelyn Varden'),
(5279, 'Eva Marie Saint'),
(5281, 'Eugene Pallette'),
(5297, 'Felix Bressart'),
(5300, 'Richard S. Castellano'),
(5312, 'Raphael Fejt&#246;'),
(5318, 'Ray Bolger'),
(5330, 'Georgia Hale'),
(5342, 'Georges Flamant'),
(5358, 'Richard Allen (I)'),
(5359, 'Richard Anderson (I)'),
(5364, 'Gary Merrill'),
(5365, 'Gary Lockwood'),
(5378, 'Reginald Gardiner'),
(5382, 'Dorris Bowdon'),
(5392, 'Douglas Rain'),
(5403, 'Edmond O''Brien'),
(5410, 'Dorothy Comingore'),
(5413, 'Ed Begley'),
(5416, 'Robert Walker (I)'),
(5435, 'Dita Parlo'),
(5441, 'Donnie Wahlberg'),
(5448, 'Edward Arnold'),
(5462, 'Enzo Cannavale'),
(5489, 'Erica Carlson (II)'),
(5490, 'Eric Weinstein'),
(5501, 'Eleanor Coppola'),
(5507, 'Eijir&#244; Tono'),
(5511, 'Edward Everett Horton'),
(5527, 'Robert Drivas'),
(5529, 'Elizabeth Berridge'),
(5540, 'Harriet Andersson'),
(5545, 'Paul Simon (I)'),
(5546, 'Herbert Gr&#246;nemeyer'),
(5554, 'Hubertus Bengsch'),
(5556, 'Paul H&#246;rbiger'),
(5570, 'Peter Billingsley'),
(5572, 'Pernilla Allwin'),
(5573, 'Pernilla August'),
(5574, 'Haya Harareet'),
(5577, 'Harvey Lembeck'),
(5586, 'Harry Carey Jr.'),
(5592, 'Rebecka Liljeberg'),
(5608, 'Patricia Hitchcock'),
(5610, 'Jack Elam'),
(5611, 'Jack Creley'),
(5614, 'Jack Benny'),
(5615, 'J.D. Cannon'),
(5618, 'Jack Haley (I)'),
(5623, 'Ivan Lapikov'),
(5626, 'Patricia Collinge'),
(5632, 'Jackie Gleason'),
(5638, 'Jack Oakie'),
(5641, 'Pat Henning'),
(5643, 'Pat O''Brien'),
(5651, 'Ian Petrella'),
(5665, 'Ingrid Thulin'),
(5668, 'Patrick Fugit'),
(5669, 'Isa Danieli'),
(5670, 'Irma Raush'),
(5683, 'Patrick Mercado'),
(5684, 'Giulietta Masina'),
(5685, 'Giuliana Lojodice'),
(5692, 'Giustino Durano'),
(5700, 'Pierre Brasseur'),
(5705, 'Philip Ober'),
(5709, 'Guy Decomble'),
(5710, 'Pierre Renoir'),
(5714, 'Gloria Swanson'),
(5715, 'Glen Cavender'),
(5717, 'Guy Kibbee'),
(5718, 'Pierre Fresnay'),
(5727, 'Priscilla Lane'),
(5759, 'William Hootkins'),
(5770, 'Frank Adonis'),
(5776, 'Jack Walsh (I)'),
(5777, 'Jude Ciccolella'),
(5778, 'Shane Rimmer'),
(5779, 'Norbert Weisser'),
(5788, 'Jack Purvis'),
(5791, 'James Keane (I)'),
(5799, 'George Furth'),
(5800, 'Edward Bunker'),
(5811, 'Benito Stefanelli'),
(5813, 'Eddra Gale'),
(5829, 'Octavia Spencer'),
(5840, 'Una O''Connor'),
(5842, 'Godfrey Quigley'),
(5861, 'Darrell Zwerling'),
(5862, 'Henry Brandon'),
(5863, 'Andr&#233; Morell'),
(5866, 'Frank Sivero'),
(5883, 'Joyce Jameson'),
(5904, 'Paul Fix'),
(5924, 'H.B. Warner'),
(5934, 'Regis Toomey'),
(5936, 'Manning Redwood'),
(5944, 'Ken Curtis (I)');

INSERT INTO realisateurs (id, nom) VALUES
(1, 'Woody Allen'),
(11, 'Alfred Hitchcock'),
(18, 'Steven Spielberg'),
(22, 'Mel Gibson'),
(28, 'Francis Ford Coppola'),
(37, 'Rob Reiner'),
(47, 'Mike Nichols'),
(59, 'Terry Gilliam'),
(78, 'Martin Scorsese'),
(79, 'Billy Wilder'),
(80, 'Sidney Lumet'),
(82, 'Stanley Kubrick'),
(90, 'Roman Polanski'),
(110, 'Ridley Scott'),
(111, 'Joel Coen'),
(139, 'David Lynch'),
(140, 'Wolfgang Petersen'),
(145, 'Charles Chaplin'),
(197, 'Howard Hawks'),
(198, 'James Cameron'),
(204, 'John Woo'),
(208, 'Akira Kurosawa'),
(253, 'Orson Welles'),
(268, 'Sergio Leone'),
(273, 'Ang Lee'),
(276, 'George Roy Hill'),
(281, 'Jonathan Demme'),
(287, 'John Ford'),
(298, 'Billy Bob Thornton'),
(312, 'John Huston'),
(360, 'George Lucas'),
(382, 'Edward Zwick'),
(391, 'Cameron Crowe'),
(392, 'Frank Capra'),
(394, 'Pedro Almod&#243;var'),
(398, 'Krzysztof Kieslowski'),
(399, 'Federico Fellini'),
(405, 'Franklin J. Schaffner'),
(408, 'Milos Forman'),
(414, 'David Fincher'),
(420, 'Ingmar Bergman'),
(428, 'Stanley Donen'),
(444, 'Quentin Tarantino'),
(505, 'Fran&#231;ois Truffaut'),
(572, 'Nick Park'),
(579, 'Bob Clark (III)'),
(615, 'Lars von Trier'),
(617, 'Fred Zinnemann'),
(619, 'Louis Malle'),
(620, 'William Wyler'),
(628, 'George Cukor'),
(639, 'Bryan Singer'),
(651, 'Irvin Kershner'),
(655, 'Elia Kazan'),
(658, 'Andrei Tarkovsky'),
(663, 'Emir Kusturica'),
(675, 'Michael Curtiz'),
(815, 'Luis Bu&#241;uel'),
(820, 'Roberto Benigni'),
(966, 'M. Night Shyamalan'),
(992, 'Leo McCarey'),
(1003, 'Carol Reed'),
(1029, 'Stuart Rosenberg (I)'),
(1040, 'Frank Darabont'),
(1051, 'Hayao Miyazaki'),
(1072, 'Sam Peckinpah'),
(1080, 'David Lean'),
(1097, 'James Whale'),
(1106, 'Michael Mann'),
(1111, 'Joseph L. Mankiewicz'),
(1136, 'Darren Aronofsky'),
(1151, 'Victor Fleming'),
(1183, 'Charles Laughton'),
(1406, 'Otto Preminger'),
(1485, 'Spike Jonze'),
(1886, 'Werner Herzog'),
(2014, 'Ernst Lubitsch'),
(2031, 'Fax Bahr'),
(2035, 'F.W. Murnau'),
(2043, 'Ash Brannon'),
(2073, 'Erick Zonca'),
(2128, 'Grigori Aleksandrov'),
(2138, 'Lewis Milestone'),
(2142, 'Giuseppe Tornatore'),
(2205, 'Guy Ritchie'),
(2292, 'Jean Renoir'),
(2343, 'Clyde Bruckman'),
(2401, 'Isao Takahata'),
(2434, 'Brian Desmond Hurst'),
(2473, 'John Sturges'),
(2532, 'Sam Wood'),
(2542, 'Sam Mendes'),
(2560, 'Walter Salles'),
(2564, 'W.S. Van Dyke'),
(2573, 'Marcel Carn&#233;'),
(2586, 'Robert Mulligan'),
(2605, 'Robert Rossen'),
(2645, 'Michael Cimino'),
(2663, 'Tony Kaye (I)'),
(2717, 'Melvin Frank'),
(2784, 'Stephen Daldry'),
(2803, 'Lukas Moodysson'),
(2830, 'Yimou Zhang');
INSERT INTO films (id, titre, annee, score, nbvotant, idrealisateur) VALUES
(1, 'Star Wars', '1977', 8.8, 53567, 360),
(2, 'Shawshank Redemption, The', '1994', 9, 44974, 1040),
(3, 'Pulp Fiction', '1994', 8.6, 43993, 444),
(5, 'Star Wars: Episode V - The Empire Strikes Back', '1980', 8.6, 39446, 651),
(6, 'Usual Suspects, The', '1995', 8.7, 35027, 639),
(7, 'Schindler''s List', '1993', 8.8, 34251, 18),
(8, 'Saving Private Ryan', '1998', 8.5, 34113, 18),
(9, 'Braveheart', '1995', 8.3, 32870, 22),
(10, 'American Beauty', '1999', 8.8, 32547, 2542),
(11, 'Raiders of the Lost Ark', '1981', 8.6, 31750, 18),
(12, 'Godfather, The', '1972', 9, 31225, 28),
(14, 'Blade Runner', '1982', 8.3, 29877, 110),
(15, 'Silence of the Lambs, The', '1991', 8.5, 29582, 281),
(18, 'Sixth Sense, The', '1999', 8.5, 27626, 966),
(21, 'Se7en', '1995', 8.1, 25158, 414),
(22, 'Fargo', '1996', 8.2, 25044, 111),
(23, '2001: A Space Odyssey', '1968', 8.3, 24536, 82),
(24, 'Aliens', '1986', 8.2, 23965, 198),
(27, 'Casablanca', '1942', 8.8, 23283, 675),
(28, 'One Flew Over the Cuckoo''s Nest', '1975', 8.7, 22868, 408),
(32, 'Gladiator', '2000', 8.3, 21955, 110),
(33, 'Fight Club', '1999', 8.5, 21391, 414),
(34, 'Clockwork Orange, A', '1971', 8.2, 21216, 82),
(35, 'Alien', '1979', 8.2, 20998, 110),
(36, 'Princess Bride, The', '1987', 8.2, 20931, 37),
(39, 'Reservoir Dogs', '1992', 8.2, 20343, 444),
(40, 'Citizen Kane', '1941', 8.8, 20269, 253),
(41, 'Dr. Strangelove or: How I Learned to Stop Worrying and Love the Bomb', '1964', 8.7, 20034, 82),
(43, 'Goodfellas', '1990', 8.5, 19430, 78),
(45, 'Apocalypse Now', '1979', 8.3, 19335, 28),
(49, 'Monty Python and the Holy Grail', '1975', 8.3, 18640, 59),
(54, 'Psycho', '1960', 8.6, 17734, 11),
(61, 'Godfather: Part II, The', '1974', 8.8, 15487, 28),
(63, 'Shining, The', '1980', 8.1, 14653, 82),
(64, 'Amadeus', '1984', 8.2, 14351, 408),
(65, 'Taxi Driver', '1976', 8.4, 14090, 78),
(69, 'Full Metal Jacket', '1987', 8.1, 13863, 82),
(70, 'Being John Malkovich', '1999', 8.3, 13809, 1485),
(72, 'Wizard of Oz, The', '1939', 8.3, 13444, 1151),
(73, 'Green Mile, The', '1999', 8.3, 13409, 1040),
(74, 'Vita &#232; bella, La', '1997', 8.6, 13403, 820),
(82, 'American History X', '1998', 8.3, 12977, 2663),
(87, 'Rear Window', '1954', 8.7, 12484, 11),
(94, 'North by Northwest', '1959', 8.6, 11588, 11),
(97, 'Vertigo', '1958', 8.5, 11231, 11),
(105, 'Gone with the Wind', '1939', 8.1, 10628, 1151),
(116, 'Toy Story 2', '1999', 8.5, 10020, 2043),
(121, 'To Kill a Mockingbird', '1962', 8.5, 9707, 2586),
(123, 'Graduate, The', '1967', 8.1, 9558, 47),
(143, 'Sling Blade', '1996', 8.1, 8740, 298),
(149, 'Deer Hunter, The', '1978', 8.1, 8393, 2645),
(150, 'Boot, Das', '1981', 8.5, 8392, 140),
(154, 'Chinatown', '1974', 8.4, 8280, 90),
(159, '12 Angry Men', '1957', 8.6, 8158, 80),
(161, 'Sting, The', '1973', 8.2, 8108, 276),
(162, 'Glory', '1989', 8.1, 8079, 382),
(163, 'Raging Bull', '1980', 8.4, 8029, 78),
(165, 'Wallace & Gromit: The Wrong Trousers', '1993', 8.5, 8024, 572),
(186, 'Insider, The', '1999', 8.2, 7429, 1106),
(189, 'Bridge on the River Kwai, The', '1957', 8.4, 7395, 1080),
(208, 'Annie Hall', '1977', 8.2, 6989, 1),
(211, 'Ben-Hur', '1959', 8.1, 6927, 620),
(221, 'Christmas Story, A', '1983', 8.1, 6693, 579),
(222, 'Singin'' in the Rain', '1952', 8.5, 6662, 428),
(225, 'Butch Cassidy and the Sundance Kid', '1969', 8.1, 6637, 276),
(237, 'Some Like It Hot', '1959', 8.4, 6445, 79),
(241, 'Shichinin no samurai', '1954', 9, 6357, 208),
(249, 'Buono, il brutto, il cattivo, Il', '1966', 8.5, 6161, 268),
(271, 'Great Escape, The', '1963', 8.2, 5783, 2473),
(288, 'Third Man, The', '1949', 8.6, 5576, 1003),
(299, 'African Queen, The', '1951', 8.2, 5468, 312),
(303, 'Central do Brasil', '1998', 8.1, 5429, 2560),
(324, 'Nuovo cinema Paradiso', '1988', 8.2, 5178, 2142),
(331, 'Wo hu zang long', '2000', 9, 5016, 273),
(376, 'Patton', '1970', 8.1, 4637, 405),
(377, 'Cool Hand Luke', '1967', 8.1, 4635, 1029),
(383, 'Wallace & Gromit: A Close Shave', '1995', 8.2, 4561, 572),
(435, 'Trois couleurs: Rouge', '1994', 8.2, 4113, 398),
(442, 'Sunset Blvd.', '1950', 8.6, 4050, 79),
(453, 'Mr. Smith Goes to Washington', '1939', 8.4, 3977, 392),
(455, 'Arsenic and Old Lace', '1944', 8.1, 3970, 392),
(473, 'All About Eve', '1950', 8.6, 3876, 1111),
(476, 'High Noon', '1952', 8.2, 3864, 617),
(478, 'Philadelphia Story, The', '1940', 8.2, 3856, 628),
(483, 'Wild Bunch, The', '1969', 8.1, 3814, 1072),
(486, 'On the Waterfront', '1954', 8.3, 3800, 655),
(510, 'Ran', '1985', 8.5, 3654, 208),
(515, 'Almost Famous', '2000', 8.6, 3639, 391),
(518, 'Paths of Glory', '1957', 8.8, 3620, 82),
(522, 'Touch of Evil', '1958', 8.5, 3607, 253),
(541, 'Todo sobre mi madre', '1999', 8.3, 3501, 394),
(551, 'Rebecca', '1940', 8.2, 3476, 11),
(555, 'Duck Soup', '1933', 8.4, 3447, 992),
(565, 'Treasure of the Sierra Madre, The', '1948', 8.5, 3392, 312),
(570, 'Straight Story, The', '1999', 8.4, 3353, 139),
(580, 'C''era una volta il West', '1969', 8.5, 3297, 268),
(582, 'Double Indemnity', '1944', 8.5, 3283, 79),
(584, 'Big Sleep, The', '1946', 8.2, 3274, 197),
(589, 'Modern Times', '1936', 8.4, 3249, 145),
(644, 'Searchers, The', '1956', 8.3, 3042, 287),
(646, 'Notorious', '1946', 8.2, 3030, 11),
(660, 'Rashomon', '1950', 8.6, 3004, 208),
(664, 'Mononoke Hime', '1997', 8.5, 2989, 1051),
(667, 'Bringing Up Baby', '1938', 8.3, 2983, 197),
(683, 'Strangers on a Train', '1951', 8.3, 2937, 11),
(686, 'Die xue shuang xiong', '1989', 8.2, 2935, 204),
(689, 'Fucking &#197;m&#229;l', '1998', 8.2, 2919, 2803),
(694, 'Streetcar Named Desire, A', '1951', 8.2, 2904, 655),
(700, 'Conversation, The', '1974', 8.1, 2876, 28),
(707, 'Apartment, The', '1960', 8.3, 2846, 79),
(715, 'Great Dictator, The', '1940', 8.3, 2819, 145),
(734, 'Quiet Man, The', '1952', 8.1, 2729, 287),
(758, 'Dancer in the Dark', '2000', 8.3, 2614, 615),
(777, 'Sjunde inseglet, Det', '1957', 8.4, 2559, 420),
(778, 'Grapes of Wrath, The', '1940', 8.3, 2552, 287),
(785, 'Hustler, The', '1961', 8.2, 2541, 2605),
(827, 'Who''s Afraid of Virginia Woolf?', '1966', 8.2, 2395, 47),
(848, 'City Lights', '1931', 8.6, 2325, 145),
(922, 'Gold Rush, The', '1925', 8.3, 2113, 145),
(924, 'Adventures of Robin Hood, The', '1938', 8.1, 2111, 675),
(950, 'Night of the Hunter, The', '1955', 8.4, 2027, 1183),
(952, 'His Girl Friday', '1940', 8.3, 2023, 197),
(958, 'Best Years of Our Lives, The', '1946', 8.5, 2010, 620),
(960, 'All Quiet on the Western Front', '1930', 8.4, 2002, 2138),
(962, 'Snatch', '2000', 8.1, 1996, 2205),
(966, 'Night at the Opera, A', '1935', 8.2, 1983, 2532),
(974, 'Yojimbo', '1961', 8.6, 1961, 208),
(976, 'Billy Elliot', '2000', 8.3, 1960, 2784),
(982, 'Stalag 17', '1953', 8.3, 1941, 79),
(983, 'Nosferatu, eine Symphonie des Grauens', '1922', 8.2, 1941, 2035),
(993, 'General, The', '1927', 8.7, 1926, 2343),
(1103, 'Stagecoach', '1939', 8.1, 1689, 287),
(1125, 'Bronenosets Potyomkin', '1925', 8.4, 1634, 2128),
(1130, 'Amarcord', '1974', 8.2, 1624, 399),
(1134, 'Quatre cents coups, Les', '1959', 8.6, 1619, 505),
(1145, 'Scrooge', '1951', 8.2, 1591, 2434),
(1181, 'Au revoir les enfants', '1987', 8.1, 1503, 619),
(1193, 'Strada, La', '1954', 8.3, 1475, 399),
(1200, 'Fanny och Alexander', '1982',8.2,    1467,    420),
(1202,    'Requiem for a Dream',    2000,    8.7,    1466,    1136),
(1215,    'Thin Man, The',    1934,    8.1,    1444,    2564),
(1230,    'Da hong deng long gao gao gua',    1991,    8.3,    1403,    2830),
(1234,    'Grande illusion, La',    1937,    8.6,    1393,    2292),
(1247,    'Shadow of a Doubt',    1943,    8.3,    1370,    11),
(1248,    'Witness for the Prosecution',    1957,    8.3,    1370,    79),
(1299,    'Smultronstället',    1957,    8.5,    1278,    420),
(1350,    'Crna macka, beli macor',    1998,    8.1,    1189,    663),
(1379,    'Anatomy of a Murder',    1959,    8.2,    1143,    1406),
(1402,    'Enfants du paradis, Les',    1945,    8.4,    1106,    2573),
(1406,    'Aguirre, der Zorn Gottes',    1972,    8.1,    1101,    1886),
(1499,    'Vie rêvée des anges, La',    1998,    8.1,    1017,    2073),
(1522,    'Andrei Rublyov',    1969,    8.4,    996,    658),
(1568,    'Bride of Frankenstein',    1935,    8.1,    945,    1097),
(1723,    'Hotaru no haka',    1988,    8.5,    822,    2401),
(1741,    'Red River',    1948,    8.4,    813,    197),
(1749,    'Ikiru',    1952,    8.8,    805,    208),
(1768,    'To Be or Not to Be',    1942    ,8.5,    789,    2014),
(1790,    'Court Jester, The',    1956,    8.2,    777,    2717),
(1800,    'Un chien andalou',    1929,    8.3,    772,    815),
(1801,    'Hearts of Darkness: A Filmmaker s Apocalypse',    1991,    8.2,    772,    2031);
;
INSERT INTO distributions (idfilm, idacteur, rang) VALUES (208, 1, 1),

(249, 2, 1),
(43, 3, 1),
(61, 3, 4),
(65, 3, 1),
(149, 3, 1),
(163, 3, 1),
(1, 6, 2),
(5, 6, 2),
(11, 6, 1),
(14, 6, 1),
(45, 6, 10),
(700, 6, 9),
(8, 8, 1),
(73, 8, 1),
(116, 8, 1),
(12, 12, 2),
(61, 12, 1),
(186, 12, 1),
(3, 13, 12),
(18, 13, 1),
(700, 16, 1),
(28, 24, 10),
(2, 25, 1),
(123, 27, 2),
(1801, 28, 6),
(70, 32, 1),
(3, 34, 1),
(161, 36, 2),
(225, 36, 2),
(15, 39, 1),
(162, 41, 2),
(161, 42, 1),
(225, 42, 1),
(377, 42, 1),
(785, 42, 1),
(28, 43, 1),
(63, 43, 1),
(154, 43, 1),
(12, 44, 4),
(45, 44, 2),
(61, 44, 2),
(121, 44, 12),
(143, 44, 8),
(1801, 44, 10),
(162, 50, 1),
(24, 54, 1),
(35, 54, 2),
(49, 59, 4),
(149, 63, 5),
(3, 73, 4),
(39, 73, 1),
(65, 73, 4),
(94, 75, 1),
(455, 75, 1),
(478, 75, 1),
(646, 75, 1),
(667, 75, 2),
(952, 75, 1),
(6, 76, 5),
(10, 76, 1),
(12, 85, 1),
(45, 85, 1),
(486, 85, 1),
(694, 85, 2),
(1801, 85, 3),
(3, 89, 2),
(154, 90, 9),
(2, 91, 2),
(21, 91, 1),
(162, 91, 4),
(12, 94, 3),
(61, 94, 3),
(208, 94, 2),
(3, 99, 11),
(149, 99, 4),
(208, 99, 9),
(7, 100, 1),
(237, 106, 3),
(707, 106, 1),
(41, 115, 1),
(87, 118, 1),
(97, 118, 1),
(453, 118, 2),
(478, 118, 3),
(1379, 118, 1),
(5, 123, 9),
(45, 125, 8),
(377, 125, 15),
(1801, 125, 14),
(159, 127, 5),
(24, 130, 6),
(589, 145, 1),
(715, 145, 1),
(922, 145, 1),
(116, 152, 3),
(36, 158, 13),
(777, 160, 4),
(1299, 160, 13),
(121, 164, 1),
(211, 165, 1),
(522, 165, 2),
(271, 167, 6),
(644, 170, 1),
(734, 170, 1),
(1103, 170, 2),
(1741, 170, 1),
(7, 177, 3),
(8, 181, 9),
(154, 182, 2),
(189, 183, 1),
(442, 183, 1),
(483, 183, 1),
(982, 183, 1),
(22, 186, 2),
(39, 186, 5),
(49, 195, 2),
(21, 211, 5),
(27, 213, 1),
(299, 213, 1),
(565, 213, 1),
(584, 213, 1),
(15, 215, 2),
(65, 215, 2),
(143, 217, 3),
(36, 222, 1),
(162, 222, 3),
(123, 225, 1),
(22, 226, 1),
(271, 235, 3),
(35, 239, 6),
(3, 243, 3),
(39, 244, 3),
(6, 246, 10),
(65, 247, 3),
(10, 249, 2),
(12, 250, 6),
(24, 252, 5),
(40, 253, 1),
(288, 253, 3),
(522, 253, 1),
(21, 258, 2),
(33, 258, 2),
(962, 258, 4),
(43, 259, 3),
(163, 259, 3),
(271, 279, 1),
(70, 282, 2),
(35, 295, 4),
(73, 295, 13),
(143, 298, 1),
(664, 298, 18),
(65, 301, 6),
(6, 302, 3),
(962, 302, 1),
(34, 304, 1),
(45, 306, 3),
(1801, 306, 16),
(73, 307, 3),
(6, 308, 2),
(154, 312, 3),
(8, 318, 2),
(32, 324, 1),
(186, 324, 2),
(7, 329, 2),
(45, 331, 7),
(1801, 331, 11),
(664, 333, 15),
(150, 336, 1),
(707, 340, 2),
(664, 342, 13),
(159, 345, 1),
(580, 345, 2),
(778, 345, 1),
(8, 348, 7),
(36, 352, 4),
(161, 354, 4),
(3, 355, 8),
(35, 356, 1),
(61, 357, 13),
(1801, 360, 15),
(3, 368, 10),
(551, 370, 1),
(476, 373, 3),
(331, 393, 1),
(686, 393, 1),
(518, 404, 1),
(73, 417, 2),
(758, 417, 3),
(33, 427, 1),
(82, 427, 1),
(299, 429, 2),
(478, 429, 2),
(667, 429, 1),
(73, 431, 5),
(36, 436, 12),
(208, 436, 4),
(14, 437, 5),
(35, 438, 5),
(64, 439, 7),
(6, 441, 6),
(32, 442, 2),
(515, 443, 15),
(39, 444, 10),
(69, 449, 3),
(159, 453, 6),
(6, 460, 9),
(1, 462, 3),
(5, 462, 3),
(570, 463, 1),
(271, 472, 7),
(644, 474, 5),
(377, 476, 2),
(41, 479, 2),
(376, 479, 1),
(785, 479, 4),
(1379, 479, 7),
(32, 481, 4),
(21, 482, 10),
(69, 482, 4),
(116, 482, 14),
(8, 485, 3),
(982, 489, 2),
(24, 493, 3),
(225, 494, 8),
(22, 495, 3),
(515, 495, 2),
(758, 496, 2),
(12, 502, 7),
(61, 502, 6),
(70, 503, 14),
(2, 507, 3),
(162, 507, 11),
(64, 509, 4),
(69, 512, 1),
(14, 515, 8),
(94, 518, 8),
(186, 519, 3),
(186, 520, 8),
(11, 527, 7),
(6, 528, 4),
(584, 534, 2),
(36, 536, 8),
(827, 539, 1),
(186, 541, 6),
(41, 546, 7),
(186, 549, 11),
(1379, 550, 3),
(1, 552, 1),
(5, 552, 1),
(1247, 554, 6),
(700, 555, 8),
(63, 558, 2),
(208, 558, 6),
(186, 560, 5),
(18, 578, 3),
(43, 587, 8),
(14, 591, 6),
(82, 594, 3),
(165, 625, 1),
(383, 625, 1),
(222, 626, 1),
(149, 629, 6),
(49, 634, 1),
(35, 643, 3),
(36, 680, 3),
(221, 682, 1),
(116, 684, 2),
(143, 687, 4),
(241, 688, 1),
(660, 688, 4),
(974, 688, 4),
(1749, 688, 1),
(1801, 693, 1),
(49, 694, 5),
(664, 698, 14),
(3, 702, 9),
(39, 710, 4),
(123, 711, 5),
(785, 711, 6),
(1379, 711, 10),
(9, 713, 11),
(33, 716, 10),
(483, 719, 5),
(483, 722, 2),
(161, 725, 6),
(10, 728, 8),
(123, 731, 4),
(241, 735, 2),
(660, 735, 1),
(974, 735, 1),
(7, 736, 6),
(186, 743, 13),
(758, 745, 5),
(15, 747, 7),
(45, 747, 12),
(49, 749, 3),
(486, 751, 4),
(8, 752, 12),
(962, 752, 2),
(161, 757, 5),
(707, 757, 4),
(186, 762, 7),
(28, 763, 2),
(82, 770, 6),
(515, 770, 11),
(962, 775, 5),
(43, 776, 2),
(40, 780, 2),
(288, 780, 1),
(1247, 780, 2),
(3, 791, 5),
(39, 791, 2),
(758, 792, 9),
(49, 799, 6),
(94, 802, 3),
(827, 805, 2),
(435, 811, 1),
(1800, 815, 3),
(74, 820, 1),
(27, 827, 2),
(646, 827, 2),
(473, 828, 1),
(82, 831, 2),
(1801, 833, 4),
(778, 837, 3),
(1103, 837, 4),
(1790, 837, 11),
(288, 839, 10),
(1768, 845, 3),
(3, 849, 6),
(6, 862, 7),
(10, 881, 6),
(69, 887, 8),
(64, 891, 2),
(958, 892, 4),
(1247, 892, 1),
(271, 893, 2),
(777, 899, 1),
(1200, 899, 9),
(1299, 899, 4),
(225, 900, 4),
(377, 900, 6),
(483, 900, 9),
(149, 907, 15),
(237, 915, 1),
(473, 915, 9),
(1, 925, 5),
(5, 925, 10),
(189, 925, 2),
(149, 930, 3),
(11, 933, 2),
(12, 937, 14),
(61, 937, 5),
(149, 937, 2),
(700, 937, 2),
(694, 938, 3),
(950, 941, 1),
(1193, 943, 1),
(664, 946, 11),
(82, 947, 8),
(700, 963, 3),
(64, 964, 1),
(10, 969, 3),
(555, 981, 1),
(966, 981, 1),
(2, 984, 4),
(7, 986, 4),
(14, 1005, 4),
(541, 1024, 5),
(87, 1031, 2),
(476, 1031, 5),
(43, 1038, 5),
(582, 1045, 1),
(707, 1045, 3),
(473, 1056, 3),
(551, 1056, 3),
(105, 1077, 6),
(453, 1077, 6),
(476, 1077, 2),
(1103, 1077, 5),
(14, 1100, 2),
(105, 1108, 1),
(27, 1128, 4),
(453, 1128, 3),
(646, 1128, 3),
(924, 1128, 4),
(14, 1145, 3),
(777, 1148, 5),
(1299, 1148, 2),
(116, 1162, 5),
(116, 1165, 4),
(186, 1176, 4),
(116, 1181, 9),
(1248, 1183, 3),
(161, 1184, 3),
(73, 1187, 12),
(8, 1195, 10),
(45, 1198, 4),
(700, 1198, 4),
(1801, 1198, 12),
(2, 1202, 5),
(515, 1207, 12),
(515, 1215, 4),
(570, 1217, 3),
(36, 1221, 9),
(36, 1222, 5),
(116, 1222, 7),
(159, 1230, 4),
(952, 1231, 3),
(15, 1232, 6),
(162, 1233, 12),
(186, 1234, 12),
(143, 1239, 7),
(2, 1242, 9),
(73, 1242, 11),
(6, 1243, 1),
(32, 1248, 3),
(63, 1249, 9),
(8, 1250, 6),
(785, 1252, 3),
(73, 1255, 7),
(827, 1257, 3),
(35, 1266, 7),
(644, 1276, 4),
(734, 1276, 4),
(162, 1286, 6),
(97, 1290, 5),
(225, 1290, 5),
(208, 1305, 3),
(73, 1308, 6),
(186, 1310, 10),
(22, 1313, 4),
(758, 1313, 4),
(9, 1314, 12),
(94, 1322, 5),
(551, 1322, 12),
(683, 1322, 4),
(163, 1323, 2),
(6, 1329, 11),
(225, 1333, 10),
(453, 1336, 14),
(582, 1336, 4),
(952, 1336, 5),
(1215, 1336, 6),
(9, 1342, 4),
(14, 1344, 10),
(734, 1346, 14),
(249, 1351, 2),
(476, 1351, 13),
(580, 1353, 3),
(94, 1370, 15),
(159, 1370, 9),
(376, 1370, 4),
(515, 1376, 1),
(664, 1376, 12),
(1247, 1377, 7),
(580, 1390, 1),
(43, 1396, 7),
(70, 1402, 7),
(982, 1406, 3),
(18, 1414, 4),
(123, 1419, 3),
(225, 1419, 3),
(123, 1420, 6),
(23, 1427, 1),
(324, 1430, 5),
(288, 1437, 4),
(952, 1438, 2),
(376, 1442, 2),
(486, 1442, 2),
(694, 1442, 4),
(976, 1443, 1),
(189, 1449, 3),
(211, 1449, 2),
(14, 1450, 11),
(154, 1450, 15),
(12, 1453, 8),
(41, 1453, 3),
(64, 1458, 5),
(1790, 1461, 1),
(958, 1464, 1),
(1215, 1464, 2),
(271, 1467, 5),
(580, 1467, 4),
(1801, 1471, 9),
(331, 1472, 2),
(331, 1476, 5),
(734, 1488, 2),
(40, 1491, 5),
(1248, 1496, 5),
(453, 1509, 1),
(105, 1524, 2),
(694, 1524, 1),
(34, 1526, 4),
(683, 1527, 1),
(1741, 1536, 4),
(1215, 1543, 1),
(510, 1544, 2),
(159, 1545, 2),
(486, 1545, 3),
(1790, 1546, 4),
(570, 1552, 2),
(1790, 1553, 2),
(686, 1554, 5),
(950, 1557, 6),
(982, 1557, 7),
(10, 1565, 7),
(15, 1570, 9),
(32, 1574, 6),
(15, 1576, 8),
(11, 1579, 4),
(45, 1582, 9),
(61, 1582, 9),
(225, 1586, 6),
(73, 1591, 9),
(43, 1615, 4),
(1200, 1619, 25),
(45, 1623, 5),
(1801, 1623, 13),
(8, 1640, 11),
(551, 1651, 4),
(8, 1653, 4),
(73, 1653, 10),
(1, 1655, 6),
(5, 1655, 5),
(2, 1660, 8),
(1248, 1669, 4),
(1568, 1669, 5),
(11, 1678, 5),
(582, 1679, 3),
(510, 1698, 1),
(974, 1698, 9),
(221, 1704, 2),
(65, 1709, 7),
(73, 1715, 4),
(522, 1717, 3),
(34, 1720, 3),
(376, 1720, 3),
(82, 1725, 9),
(483, 1726, 7),
(5, 1727, 4),
(64, 1736, 6),
(476, 1742, 8),
(324, 1743, 6),
(1130, 1743, 1),
(116, 1748, 10),
(41, 1750, 5),
(186, 1762, 9),
(960, 1766, 1),
(1522, 1772, 1),
(41, 1774, 4),
(580, 1774, 9),
(758, 1781, 6),
(65, 1784, 11),
(734, 1789, 6),
(1790, 1789, 6),
(161, 1792, 10),
(785, 1797, 8),
(24, 1801, 8),
(33, 1802, 3),
(758, 1803, 11),
(2, 1808, 7),
(24, 1808, 10),
(32, 1813, 5),
(2, 1814, 13),
(43, 1817, 9),
(163, 1817, 4),
(121, 1824, 13),
(116, 1827, 12),
(69, 1831, 2),
(34, 1835, 2),
(159, 1845, 12),
(154, 1847, 5),
(715, 1860, 5),
(966, 1860, 16),
(36, 1864, 11),
(6, 1868, 8),
(12, 1881, 12),
(15, 1895, 3),
(221, 1901, 13),
(442, 1906, 11),
(63, 1909, 12),
(8, 1913, 5),
(24, 1933, 4),
(9, 1939, 5),
(241, 1946, 5),
(660, 1946, 5),
(1749, 1946, 13),
(8, 1951, 8),
(82, 1953, 5),
(74, 1961, 2),
(32, 1966, 7),
(1200, 1976, 20),
(1134, 1977, 1),
(94, 1985, 4),
(476, 1989, 14),
(1350, 1996, 11),
(667, 2000, 5),
(734, 2000, 3),
(473, 2003, 2),
(924, 2009, 1),
(1247, 2012, 4),
(303, 2030, 1),
(589, 2034, 3),
(922, 2034, 5),
(1402, 2049, 1),
(241, 2070, 8),
(974, 2070, 3),
(1749, 2070, 8),
(442, 2076, 3),
(1234, 2076, 4),
(1145, 2078, 4),
(249, 2081, 4),
(324, 2083, 1),
(1350, 2085, 1),
(952, 2100, 4),
(1181, 2104, 1),
(1145, 2113, 1),
(1379, 2123, 2),
(551, 2141, 5),
(1499, 2143, 1),
(476, 2147, 1),
(1499, 2159, 3),
(121, 2171, 3),
(555, 2173, 2),
(966, 2173, 3),
(1200, 2177, 1),
(924, 2192, 3),
(1790, 2192, 3),
(442, 2198, 5),
(580, 2202, 5),
(983, 2210, 1),
(18, 2225, 2),
(958, 2227, 2),
(689, 2229, 1),
(1768, 2238, 1),
(541, 2246, 1),
(1234, 2268, 1),
(1103, 2313, 1),
(700, 2319, 5),
(551, 2321, 2),
(555, 2329, 3),
(966, 2329, 2),
(82, 2333, 4),
(758, 2381, 1),
(455, 2393, 4),
(707, 2396, 5),
(72, 2412, 1),
(69, 2416, 5),
(9, 2446, 1),
(189, 2465, 5),
(271, 2465, 4),
(222, 2475, 3),
(1568, 2484, 1),
(105, 2486, 4),
(924, 2486, 2),
(45, 2495, 6),
(1801, 2495, 2),
(785, 2505, 9),
(1522, 2534, 3),
(1299, 2538, 1),
(982, 2553, 4),
(11, 2576, 3),
(993, 2604, 1),
(1145, 2624, 5),
(644, 2635, 3),
(785, 2648, 7),
(97, 2649, 4),
(1723, 2650, 1),
(237, 2662, 2),
(510, 2672, 5),
(1215, 2723, 3),
(1741, 2724, 2),
(1248, 2728, 1),
(299, 2748, 3),
(1130, 2773, 3),
(27, 2792, 7),
(455, 2792, 6),
(664, 2800, 1),
(249, 2812, 5),
(1800, 2821, 1),
(455, 2832, 3),
(950, 2834, 2),
(299, 2872, 6),
(1, 2881, 7),
(5, 2881, 8),
(64, 2881, 9),
(962, 2882, 12),
(1248, 2883, 7),
(61, 2891, 10),
(28, 2894, 8),
(63, 2894, 4),
(149, 2900, 12),
(121, 2905, 6),
(162, 2911, 15),
(63, 2915, 6),
(123, 2920, 11),
(962, 2935, 11),
(483, 2936, 12),
(11, 2937, 6),
(23, 2939, 5),
(70, 2941, 9),
(162, 2942, 7),
(154, 2945, 7),
(476, 2950, 15),
(10, 2953, 5),
(159, 2957, 7),
(324, 2973, 8),
(33, 2981, 6),
(377, 2986, 8),
(758, 2991, 12),
(1181, 2998, 5),
(105, 2999, 8),
(33, 3003, 4),
(208, 3004, 7),
(1379, 3005, 4),
(116, 3006, 8),
(22, 3017, 6),
(3, 3018, 15),
(161, 3020, 7),
(483, 3031, 10),
(478, 3039, 10),
(715, 3039, 4),
(1248, 3039, 6),
(976, 3046, 4),
(8, 3059, 15),
(162, 3065, 10),
(32, 3070, 12),
(143, 3074, 5),
(924, 3101, 5),
(473, 3107, 6),
(211, 3110, 5),
(27, 3111, 3),
(116, 3119, 6),
(958, 3120, 7),
(689, 3123, 6),
(72, 3124, 8),
(778, 3124, 4),
(518, 3126, 2),
(683, 3127, 9),
(1193, 3132, 3),
(589, 3137, 2),
(715, 3137, 8),
(376, 3138, 5),
(966, 3141, 7),
(982, 3141, 9),
(1768, 3141, 7),
(10, 3149, 9),
(541, 3153, 7),
(1181, 3157, 4),
(455, 3161, 7),
(950, 3161, 4),
(299, 3165, 5),
(154, 3173, 4),
(211, 3175, 9),
(1, 3178, 8),
(5, 3178, 7),
(551, 3181, 6),
(87, 3190, 5),
(1350, 3198, 2),
(105, 3213, 5),
(49, 3215, 8),
(222, 3228, 4),
(646, 3233, 7),
(1, 3234, 4),
(39, 3237, 7),
(161, 3243, 9),
(41, 3244, 6),
(299, 3244, 4),
(522, 3247, 7),
(1248, 3247, 2),
(32, 3253, 8),
(455, 3260, 8),
(11, 3261, 9),
(121, 3268, 5),
(211, 3273, 8),
(1103, 3280, 3),
(69, 3298, 6),
(63, 3301, 5),
(41, 3307, 8),
(515, 3312, 7),
(222, 3326, 2),
(515, 3330, 3),
(61, 3344, 7),
(555, 3345, 7),
(646, 3345, 4),
(222, 3347, 8),
(3, 3362, 7),
(555, 3366, 5),
(966, 3366, 8),
(952, 3368, 9),
(584, 3370, 5),
(39, 3372, 8),
(143, 3377, 2),
(14, 3379, 9),
(63, 3379, 7),
(518, 3379, 7),
(27, 3390, 12),
(644, 3390, 6),
(778, 3390, 8),
(952, 3390, 14),
(1379, 3390, 13),
(12, 3397, 15),
(486, 3397, 12),
(694, 3397, 5),
(186, 3403, 14),
(700, 3413, 6),
(707, 3417, 14),
(28, 3419, 5),
(21, 3422, 9),
(9, 3425, 14),
(32, 3428, 14),
(1379, 3434, 5),
(288, 3438, 2),
(3, 3449, 13),
(483, 3481, 13),
(32, 3498, 13),
(23, 3500, 7),
(161, 3501, 11),
(36, 3507, 2),
(94, 3511, 12),
(1768, 3514, 11),
(162, 3523, 5),
(27, 3527, 14),
(116, 3530, 13),
(74, 3533, 12),
(237, 3552, 4),
(518, 3561, 4),
(483, 3564, 3),
(288, 3575, 11),
(1790, 3586, 14),
(241, 3592, 6),
(660, 3592, 8),
(974, 3592, 10),
(40, 3619, 6),
(522, 3619, 8),
(958, 3619, 11),
(2, 3637, 10),
(15, 3646, 15),
(1145, 3655, 13),
(1568, 3655, 4),
(589, 3664, 5),
(715, 3664, 13),
(225, 3677, 14),
(1247, 3681, 3),
(10, 3697, 10),
(70, 3705, 8),
(1379, 3705, 8),
(1, 3707, 9),
(5, 3707, 6),
(758, 3729, 8),
(23, 3733, 8),
(123, 3737, 9),
(105, 3738, 14),
(32, 3739, 9),
(584, 3740, 11),
(18, 3750, 5),
(758, 3756, 13),
(87, 3761, 4),
(473, 3761, 10),
(455, 3767, 14),
(584, 3767, 3),
(958, 3774, 12),
(1215, 3774, 5),
(1215, 3792, 12),
(161, 3794, 13),
(28, 3796, 4),
(74, 3797, 11),
(541, 3797, 2),
(40, 3809, 12),
(582, 3809, 9),
(377, 3821, 12),
(34, 3827, 5),
(143, 3838, 10),
(565, 3844, 3),
(1103, 3844, 10),
(962, 3846, 3),
(27, 3857, 5),
(221, 3858, 5),
(21, 3861, 4),
(49, 3865, 7),
(1741, 3871, 5),
(827, 3883, 4),
(435, 3898, 5),
(121, 3902, 9),
(208, 3907, 8),
(63, 3910, 3),
(1568, 3914, 2),
(9, 3916, 3),
(686, 3921, 2),
(958, 3952, 3),
(241, 3956, 4),
(478, 3966, 4),
(683, 3970, 2),
(74, 3971, 5),
(189, 3985, 4),
(510, 3987, 4),
(121, 3988, 4),
(9, 3991, 2),
(974, 4000, 5),
(23, 4004, 4),
(1800, 4022, 4),
(686, 4023, 3),
(303, 4052, 3),
(383, 4060, 2),
(541, 4073, 4),
(734, 4082, 5),
(958, 4093, 5),
(565, 4124, 5),
(582, 4133, 2),
(777, 4141, 2),
(1130, 4154, 2),
(960, 4159, 5),
(21, 4169, 3),
(1723, 4171, 2),
(97, 4174, 3),
(1568, 4178, 3),
(82, 4182, 7),
(1200, 4188, 2),
(1723, 4190, 3),
(664, 4195, 3),
(924, 4196, 7),
(522, 4199, 5),
(664, 4201, 5),
(1723, 4202, 4),
(1134, 4207, 3),
(23, 4209, 3),
(983, 4218, 5),
(555, 4233, 4),
(331, 4236, 3),
(241, 4241, 3),
(40, 4242, 4),
(664, 4248, 2),
(518, 4253, 3),
(249, 4258, 3),
(518, 4259, 5),
(87, 4260, 3),
(565, 4274, 2),
(667, 4278, 4),
(966, 4283, 5),
(24, 4293, 7),
(28, 4304, 3),
(1193, 4309, 4),
(983, 4323, 4),
(10, 4324, 4),
(331, 4335, 4),
(993, 4339, 2),
(667, 4340, 3),
(211, 4344, 4),
(64, 4352, 8),
(211, 4362, 7),
(958, 4362, 6),
(473, 4389, 4),
(1790, 4392, 5),
(303, 4396, 4),
(1134, 4399, 2),
(952, 4401, 8),
(960, 4403, 4),
(1130, 4408, 4),
(952, 4415, 7),
(1800, 4417, 2),
(689, 4428, 5),
(686, 4450, 4),
(1350, 4492, 3),
(453, 4503, 8),
(589, 4504, 4),
(72, 4510, 4),
(922, 4526, 3),
(541, 4535, 3),
(24, 4552, 2),
(565, 4594, 4),
(510, 4601, 3),
(377, 4608, 7),
(1499, 4619, 5),
(237, 4628, 8),
(707, 4628, 8),
(1741, 4636, 3),
(689, 4657, 4),
(993, 4662, 5),
(121, 4684, 2),
(69, 4705, 9),
(1741, 4716, 6),
(222, 4736, 5),
(1145, 4738, 3),
(551, 4741, 9),
(924, 4741, 8),
(478, 4743, 5),
(983, 4749, 3),
(570, 4755, 4),
(976, 4761, 3),
(976, 4762, 2),
(778, 4788, 2),
(163, 4790, 5),
(1522, 4805, 4),
(303, 4815, 5),
(777, 4817, 3),
(1749, 4822, 2),
(785, 4836, 5),
(435, 4851, 4),
(644, 4865, 2),
(143, 4883, 6),
(70, 4884, 3),
(1215, 4895, 4),
(435, 4898, 2),
(1402, 4899, 2),
(442, 4900, 4),
(1130, 4901, 5),
(1499, 4908, 2),
(976, 4909, 5),
(582, 4910, 5),
(22, 4918, 5),
(1200, 4919, 4),
(660, 4923, 2),
(150, 4924, 3),
(966, 4927, 4),
(1749, 4946, 3),
(1749, 4949, 5),
(922, 4952, 2),
(570, 4957, 5),
(303, 4966, 2),
(960, 4971, 3),
(27, 4977, 9),
(1749, 4981, 4),
(70, 4985, 5),
(97, 4992, 2),
(646, 5002, 5),
(105, 5003, 3),
(65, 5006, 5),
(324, 5010, 4),
(1350, 5011, 5),
(1768, 5017, 5),
(950, 5019, 3),
(960, 5034, 2),
(377, 5064, 4),
(15, 5068, 4),
(15, 5070, 5),
(584, 5085, 4),
(660, 5126, 3),
(150, 5132, 5),
(522, 5136, 4),
(7, 5138, 5),
(515, 5139, 6),
(1402, 5160, 5),
(1145, 5163, 2),
(1193, 5173, 5),
(476, 5177, 4),
(1299, 5195, 5),(1234, 5201, 5),(983, 5214, 2),(664, 5223, 4),(1181, 5239, 3),(435, 5242, 3),(72, 5254, 5),(1350, 5258, 4),(1145, 5264, 8),(33, 5272, 5),(950, 5273, 5),(94, 5279, 2),(453, 5281, 7),(924, 5281, 6),(1768, 5297, 4),(12, 5300, 5),(1181, 5312, 2),(72, 5318, 2),(922, 5330, 4),(1134, 5342, 5),(993, 5358, 3),(518, 5359, 6),(473, 5364, 5),(23, 5365, 2),(715, 5378, 3),(778, 5382, 5),(23, 5392, 9),(483, 5403, 4),(40, 5410, 3),(159, 5413, 3),(683, 5416, 3),(1234, 5435, 2),(18, 5441, 7),(453, 5448, 4),(324, 5462, 2),(689, 5489, 3),(70, 5490, 4),(1801, 5501, 5),(974, 5507, 2),(455, 5511, 5),(377, 5527, 5),(64, 5529, 3),(1200, 5540, 5),(208, 5545, 5),(150, 5546, 2),(150, 5554, 4),(288, 5556, 5),(221, 5570, 3),(1200, 5572, 3),(1200, 5573, 6),(211, 5574, 3),(982, 5577, 5),(644, 5586, 10),(1741, 5586, 10),(689, 5592, 2),
(63, 5936, 14),(952, 5934, 11),(584, 5934, 7),(453, 5924, 9),(442, 5924, 15),(1741, 5904, 12),(121, 5904, 8),(707, 5883, 11),(61, 5866, 14),(43, 5866, 6),(211, 5863, 13),(189, 5863, 7),(644, 5862, 8),(154, 5861, 6),(34, 5842, 14),(1568, 5840, 8),(1248, 5840, 10),(924, 5840, 10),(70, 5829, 6),(123, 5813, 13),(249, 5811, 13),(39, 5800, 9),(225, 5799, 7),(45, 5791, 14),(5, 5788, 13),(1, 5788, 12),(7, 5779, 15),(41, 5778, 14),(2, 5777, 15),(570, 5776, 13),(163, 5770, 8),(11, 5759, 12),(644, 5944, 9);





	
